,workID,Age,Gender,subject
0,A33U3GZXTFC4M4,39,male,A33U3GZXTFC4M4_2022-10-02_09h13.45.192.csv
1,A3POUEYN59J30P,30,male,A3POUEYN59J30P_2022-10-02_08h54.02.842.csv
2,A208F2PSMBFG0R,22,Male,A208F2PSMBFG0R_2022-10-02_14h41.24.716.csv
3,A1AD2BDQYTTJIL,22,Male,A1AD2BDQYTTJIL_2022-10-02_11h09.56.388.csv
4,A22PT6K5XNIFLA,40,Female,A22PT6K5XNIFLA_2022-10-02_09h30.03.536.csv
5,A2RZYTE48OHTMZ,28,MALE,A2RZYTE48OHTMZ_2022-10-02_10h08.36.036.csv
6,A2R2ZA0STNZX9S,26,Male,A2R2ZA0STNZX9S_2022-10-02_09h07.42.628.csv
7,A34LSCB90T5KYE,49,female,A34LSCB90T5KYE_2022-10-02_09h50.31.623.csv
8,A3AU8PZ6HHBCVT,31,Male,A3AU8PZ6HHBCVT_2022-10-02_07h24.05.812.csv
9,AK52RXEJKR81A,34,Male,AK52RXEJKR81A_2022-10-02_09h03.39.525.csv
10,A19NX9CQGX6XI8,30,male,A19NX9CQGX6XI8_2022-10-02_10h26.21.843.csv
11,A1PHDT66U6IK4Q,69,male,A1PHDT66U6IK4Q_2022-10-02_08h50.16.968.csv
12,A6GDXK2BWJTVH,23,Female,A6GDXK2BWJTVH_2022-10-02_08h53.38.170.csv
13,A3DFUI6OKBNNGI,57,Female,A3DFUI6OKBNNGI_2022-10-02_08h49.56.408.csv
14,A38L8T6E70LVYE,59,female,A38L8T6E70LVYE_2022-10-02_08h54.47.854.csv
15,A3SSIUMI7ONK5W,49,Male,A3SSIUMI7ONK5W_2022-10-02_06h59.11.413.csv
16,A3Q9X8CBPHFRTZ,28,male,A3Q9X8CBPHFRTZ_2022-10-02_09h06.12.189.csv
17,AMPR904VJJFZY,30,woman,AMPR904VJJFZY_2022-10-02_08h49.51.644.csv
18,A2PD1J75MLX61W,40,female,A2PD1J75MLX61W_2022-10-02_08h52.05.337.csv
19,A12NDIK7C4TFPC,55,Male,A12NDIK7C4TFPC_2022-10-02_09h20.31.614.csv
20,A26X269P2OTJOD,48,MALE,A26X269P2OTJOD_2022-10-02_08h57.07.671.csv
21,A46X6HHZUZRRG,35,Female,A46X6HHZUZRRG_2022-10-02_07h45.10.909.csv
22,A161M17XH251WL,27,FEMALE,A161M17XH251WL_2022-10-02_15h11.04.455.csv
23,A3RZ9OTCS0IWFI,44,MALE,A3RZ9OTCS0IWFI_2022-10-02_08h53.01.507.csv
24,A12NBGVI9QN3DQ,41,Female,A12NBGVI9QN3DQ_2022-10-02_06h50.23.765.csv
25,A10JXOU89D5RXR,61,female,A10JXOU89D5RXR_2022-10-02_11h38.50.927.csv
26,A2B9V70J9P8BH8,34,FEMALE,A2B9V70J9P8BH8_2022-10-02_08h53.22.974.csv
27,AX9LZ0N55O19E,25,FEMLAE,AX9LZ0N55O19E_2022-10-02_05h50.41.132.csv
28,A1QUBLZCONL4QD,44,male,A1QUBLZCONL4QD_2022-10-02_09h00.13.650.csv
29,AZD5EFRI6AB7X,45,female,AZD5EFRI6AB7X_2022-10-02_08h51.49.699.csv
